Workbook

Sheet AS IS
A1: Статья затрат | B1: Год 1 | C1: Год 2 | D1: Год 3 | E1: Итого
A2: Инфраструктура
A3: Серверы и СХД (амортизация + энергия) | B3: 45 | C3: 48 | D3: 52 | E3: =SUM(B3:D3) -> 145
A4: Сетевое оборудование, ЦОД | B4: 12 | C4: 13 | D4: 14 | E4: =SUM(B4:D4) -> 39
A5: Итого инфраструктура | B5: =SUM(B3:B4) -> 57 | C5: =SUM(C3:C4) -> 61 | D5: =SUM(D3:D4) -> 66 | E5: =SUM(B5:D5) -> 184
A6: Лицензии и ПО
A7: SQL Server Enterprise (Extended Support) | B7: 28 | C7: 30 | D7: 32 | E7: =SUM(B7:D7) -> 90
A8: Power BI Premium | B8: 9 | C8: 10 | D8: 11 | E8: =SUM(B8:D8) -> 30
A9: Windows Server CAL | B9: 4 | C9: 4 | D9: 5 | E9: =SUM(B9:D9) -> 13
A10: Итого лицензии | B10: =SUM(B7:B9) -> 41 | C10: =SUM(C7:C9) -> 44 | D10: =SUM(D7:D9) -> 48 | E10: =SUM(B10:D10) -> 133
A11: Персонал (администрирование, разработка, сопровождение)
A12: Администраторы БД (3 чел. × 2.5 млн/год) | B12: 7.5 | C12: 7.5 | D12: 7.5 | E12: =SUM(B12:D12) -> 22.5
A13: Разработчики ETL/Camel (5 чел. × 2.5 млн/год) | B13: 12.5 | C13: 12.5 | D13: 12.5 | E13: =SUM(B13:D13) -> 37.5
A14: Сопровождение PowerBuilder (2 чел. × 2.5 млн/год) | B14: 5 | C14: 5 | D14: 5 | E14: =SUM(B14:D14) -> 15
A15: Поддержка BI (2 чел. × 2.5 млн/год) | B15: 5 | C15: 5 | D15: 5 | E15: =SUM(B15:D15) -> 15
A16: Итого персонал | B16: =SUM(B12:B15) -> 30 | C16: =SUM(C12:C15) -> 30 | D16: =SUM(D12:D15) -> 30 | E16: =SUM(B16:D16) -> 90
A17: Непроизводительные затраты аналитиков
A18: Время ожидания отчётов (среднее 4 часа × 50 аналитиков × 200 дней) | B18: 12 | C18: 13 | D18: 14 | E18: =SUM(B18:D18) -> 39
A19: Ручная выгрузка и консолидация данных | B19: 8 | C19: 9 | D19: 10 | E19: =SUM(B19:D19) -> 27
A20: Итого аналитика | B20: =SUM(B18:B19) -> 20 | C20: =SUM(C18:C19) -> 22 | D20: =SUM(D18:D19) -> 24 | E20: =SUM(B20:D20) -> 66
A21: ИТОГО TCO As-Is | B21: =B20+B16+B10+B5 -> 148 | C21: =C20+C16+C10+C5 -> 157 | D21: =D20+D16+D10+D5 -> 168 | E21: =E20+E16+E10+E5 -> 473

Sheet TOBE
A1: Статья затрат | B1: Год 1 | C1: Год 2 | D1: Год 3 | E1: Итого
A2: Инфраструктура (облако + on-prem для Medical при необходимости)
A3: Облачные ресурсы (Compute, Storage, Network) | B3: 35 | C3: 42 | D3: 50 | E3: =SUM(B3:D3) -> 127
A4: Резервное копирование, геораспределение | B4: 8 | C4: 9 | D4: 11 | E4: =SUM(B4:D4) -> 28
A5: Итого инфраструктура | B5: =SUM(B3:B4) -> 43 | C5: =SUM(C3:C4) -> 51 | D5: =SUM(D3:D4) -> 61 | E5: =SUM(B5:D5) -> 155
A6: Лицензии и ПО (open source + подписки)
A7: Confluent Platform / Kafka (поддержка) | B7: 6 | C7: 7 | D7: 8 | E7: =SUM(B7:D7) -> 21
A8: MinIO (Enterprise поддержка) | B8: 4 | C8: 5 | D8: 6 | E8: =SUM(B8:D8) -> 15
A9: Dremio (Self-service) | B9: 5 | C9: 6 | D9: 7 | E9: =SUM(B9:D9) -> 18
A10: DataHub (Open Source) | B10: 1 | C10: 1 | D10: 1 | E10: =SUM(B10:D10) -> 3
A11: Power BI Premium | B11: 9 | C11: 10 | D11: 11 | E11: =SUM(B11:D11) -> 30
A12: Итого лицензии | B12: =SUM(B7:B11) -> 25 | C12: =SUM(C7:C11) -> 29 | D12: =SUM(D7:D11) -> 33 | E12: =SUM(B12:D12) -> 87
A13: Персонал (новые роли)
A14: Data Platform Engineers (Kafka, Airflow, Spark) — 4 чел. | B14: 10 | C14: 10 | D14: 10 | E14: =SUM(B14:D14) -> 30
A15: DataOps / SRE (2 чел.) | B15: 5 | C15: 5 | D15: 5 | E15: =SUM(B15:D15) -> 15
A16: BI / Self-service поддержка (2 чел.) | B16: 5 | C16: 5 | D16: 5 | E16: =SUM(B16:D16) -> 15
A17: Data Stewards / Владельцы доменов (2 чел.) | B17: 5 | C17: 5 | D17: 5 | E17: =SUM(B17:D17) -> 15
A18: Итого персонал | B18: =SUM(B14:B17) -> 25 | C18: =SUM(C14:C17) -> 25 | D18: =SUM(D14:D17) -> 25 | E18: =SUM(B18:D18) -> 75
A19: Затраты аналитиков (производительное время)
A20: Время ожидания отчётов (среднее 0.5 часа × 50 аналитиков × 200 дней) | B20: 1.5 | C20: 1.5 | D20: 1.5 | E20: =SUM(B20:D20) -> 4.5
A21: Самостоятельное конструирование отчётов | B21: 2 | C21: 2 | D21: 2 | E21: =SUM(B21:D21) -> 6
A22: Итого аналитика | B22: =SUM(B20:B21) -> 3.5 | C22: =SUM(C20:C21) -> 3.5 | D22: =SUM(D20:D21) -> 3.5 | E22: =SUM(B22:D22) -> 10.5
A23: Инвестиции в трансформацию (первые 2 года)
A24: Миграция данных из DWH в Lakehouse | B24: 8 | C24: 4 | D24: 0 | E24: =SUM(B24:D24) -> 12
A25: Обучение персонала | B25: 3 | C25: 2 | D25: 0 | E25: =SUM(B25:D25) -> 5
A26: Разработка пайплайнов и коннекторов | B26: 10 | C26: 5 | D26: 0 | E26: =SUM(B26:D26) -> 15
A27: Пилотные проекты (2 домена) | B27: 5 | C27: 0 | D27: 0 | E27: =SUM(B27:D27) -> 5
A28: Итого инвестиции | B28: =SUM(B24:B27) -> 26 | C28: =SUM(C24:C27) -> 11 | D28: =SUM(D24:D27) -> 0 | E28: =SUM(B28:D28) -> 37
A29: ИТОГО TCO To-Be | B29: =B28+B22+B18+B12+B5 -> 122.5 | C29: =C28+C22+C18+C12+C5 -> 119.5 | D29: =D28+D22+D18+D12+D5 -> 122.5 | E29: =E28+E22+E18+E12+E5 -> 364.5

Sheet Сравненеи
A1: Период | B1: As-Is | C1: To-Be (с инвестициями) | D1: Экономия | E1: % экономии
A2: Год 1 | B2: ='AS IS'!B21 -> 148 | C2: =TOBE!B29 -> 122.5 | D2: =B2-C2 -> 25.5 | E2: =D2/B2 -> 0.1722973
A3: Год 2 | B3: ='AS IS'!C21 -> 157 | C3: =TOBE!C29 -> 119.5 | D3: =B3-C3 -> 37.5 | E3: =D3/B3 -> 0.2388535
A4: Год 3 | B4: ='AS IS'!D21 -> 168 | C4: =TOBE!D29 -> 122.5 | D4: =B4-C4 -> 45.5 | E4: =D4/B4 -> 0.27083333
A5: Итого 3 года | B5: ='AS IS'!E21 -> 473 | C5: =TOBE!E29 -> 364.5 | D5: =B5-C5 -> 108.5 | E5: =D5/B5 -> 0.22938689
